{
	"info": {
		"_postman_id": "e2b05e3a-500b-43ff-8b28-283de52d82c1",
		"name": "Login",
		"schema": "https://schema.getpostman.com/json/collection/v2.0.0/collection.json",
		"_exporter_id": "26196779"
	},
	"item": [
		{
			"name": "reg",
			"event": [
				{
					"listen": "test",
					"script": {
						"exec": [
							"\r",
							"pm.test(\"Status code is 201\", function () {\r",
							"    pm.response.to.have.status(201);\r",
							"});\r",
							"\r",
							"var em = pm.variables.get(\"email\");\r",
							"\r",
							"var pwd = pm.variables.get(\"password\");\r",
							"\r",
							"pm.test(\"Check email \" + em, function () {\r",
							"    var jsonData = pm.response.json();\r",
							"    pm.expect(jsonData.email).to.eql(em);\r",
							"});\r",
							"\r",
							"pm.test(\"Check password \" + pwd, function () {\r",
							"    var jsonData = pm.response.json();\r",
							"    pm.expect(jsonData.password).to.eql(pwd);\r",
							"});\r",
							""
						],
						"type": "text/javascript"
					}
				}
			],
			"request": {
				"method": "POST",
				"header": [],
				"body": {
					"mode": "raw",
					"raw": "{\r\n    \"email\": \"{{email}}\",\r\n    \"password\": \"{{password}}\"\r\n}",
					"options": {
						"raw": {
							"language": "json"
						}
					}
				},
				"url": "https://reqres.in/api/register/prepod\n"
			},
			"response": []
		}
	]
}